Library name,Loans
Online,1282534
Chipping Barnet,312502
Finchley Church End,290630
Edgware,208354
Schools Library Resources Service,153913
North Finchley,120924
Hendon,120508
Golders Green,119545
Colindale,85730
East Finchley,83309
Osidge,71790
New Barnet library,68186
Home Library Service,59193
Mill Hill,44870
Burnt Oak,38912
Childs Hill,36777
South Friern,35860
Mobile Library,20158
Customer Services Organisation,7069
Barnet Book Club,4284
Bibliographic Services,1238
Early Years Team,14
Itiva Message,8
Digital Library,2
Local Studies and Archives,1
