Month,Loans
2019-04-01,95730
2019-05-01,90772
2019-06-01,84325
2019-07-01,93329
2019-08-01,115605
2019-09-01,94024
2019-10-01,110064
2019-11-01,106752
2019-12-01,100374
2020-01-01,101442
2020-02-01,105786
2020-03-01,83282
2020-04-01,44863
2020-05-01,43975
2020-06-01,44442
2020-07-01,58494
2020-08-01,60186
2020-09-01,51906
2020-10-01,70284
2020-11-01,59448
2020-12-01,69688
2021-01-01,69803
2021-02-01,65128
2021-03-01,74471
2021-04-01,69259
2021-05-01,72786
2021-06-01,75747
2021-07-01,86600
2021-08-01,116330
2021-09-01,107223
2021-10-01,115865
2021-11-01,116201
2021-12-01,122895
2022-01-01,129314
2022-02-01,124918
2022-03-01,135000
