Type,Loans
emagazines and enewspapers,955262
Children's fiction,809814
Adult fiction,394122
Adult non fiction,250832
ebooks,195409
eaudio,131022
SLS Non Fiction,110754
Children's non fiction,97567
Teenage fiction,64257
Large print adult fiction,37802
SLS Fiction,35812
Teenage non fiction,21001
Adult audiobook,15269
Compact disc,9726
DVD certificate U,4907
SLS Picture,3908
DVD certificate 12,3821
Barnet Book Club,3709
DVD certificate 15,3232
Large print adult non fiction,2575
Adult fiction - Most wanted,1906
Playset,1759
DVD certificate PG,1709
SLS Artefact,1573
Music score,1498
SLS Poster,1351
Vocal score sets,1163
ecomics,841
DVD certificate 18+,703
Language learning,605
Children's audiobook,467
Adult non fiction - Most wante,436
Large print children's fiction,318
SLS DVD,285
Electronic devices,244
SLS Resource Pack,130
DVD certificate exempt,120
Children's fiction - Most want,74
SLS Map,54
SLS CD,47
Children's non fiction - Most,44
British library ILL,34
Adult reference,32
Children's reference,29
Periodical,29
Normal ILL book,18
Teenage fiction - Most wanted,15
SLS Audio,14
Reference,12
